{
  "algo": "schedulefree",
  "delta_bpb": 0.000789642333984375,
  "dim": 96,
  "duration_seconds": 0.117758434,
  "experiment": "cpu-backprop-scalable",
  "final_bpb": 6.999603748321533,
  "initial_bpb": 7.000393390655518,
  "lr": 0.003000000026077032,
  "model": "embed+bigram+smear+lm_head",
  "seed": 42,
  "seq_len": 32,
  "steps": 50,
  "vocab_size": 128
}