{
  "algo": "muon",
  "delta_bpb": 0.00006818771362304688,
  "dim": 96,
  "duration_seconds": 3.376227294,
  "experiment": "cpu-backprop-scalable",
  "final_bpb": 7.0003252029418945,
  "initial_bpb": 7.000393390655518,
  "lr": 0.003000000026077032,
  "model": "embed+bigram+smear+lm_head",
  "seed": 42,
  "seq_len": 32,
  "steps": 50,
  "vocab_size": 128
}